{
    "configuration_id": 0,
    "random_seed": 42,
    "train_images": 525,
    "validation_images": 125,
    "test_images": 101,
    "train_mean_blood_ratio": 0.03317904197654917,
    "validation_mean_blood_ratio": 0.031549770616819565,
    "test_mean_blood_ratio": 0.034253042490430534,
    "train_blood_bins": {
        "0": 175,
        "1": 175,
        "2": 175
    },
    "validation_blood_bins": {
        "0": 41,
        "1": 42,
        "2": 42
    },
    "test_blood_bins": {
        "0": 34,
        "1": 33,
        "2": 34
    }
}