{
    "configuration_id": 1,
    "random_seed": 43,
    "train_images": 525,
    "validation_images": 125,
    "test_images": 101,
    "train_mean_blood_ratio": 0.03382055400270394,
    "validation_mean_blood_ratio": 0.030691527254740208,
    "test_mean_blood_ratio": 0.031980632654080715,
    "train_blood_bins": {
        "0": 175,
        "1": 175,
        "2": 175
    },
    "validation_blood_bins": {
        "0": 41,
        "1": 42,
        "2": 42
    },
    "test_blood_bins": {
        "0": 34,
        "1": 33,
        "2": 34
    }
}