configuration_id,random_seed,train_images,validation_images,test_images,train_mean_blood_ratio,validation_mean_blood_ratio,test_mean_blood_ratio,train_blood_bins,validation_blood_bins,test_blood_bins
0,42,525,125,101,0.03317904197654917,0.031549770616819565,0.034253042490430534,"{0: 175, 1: 175, 2: 175}","{0: 41, 1: 42, 2: 42}","{0: 34, 1: 33, 2: 34}"
1,43,525,125,101,0.03382055400270394,0.030691527254740208,0.031980632654080715,"{0: 175, 1: 175, 2: 175}","{0: 41, 1: 42, 2: 42}","{0: 34, 1: 33, 2: 34}"
2,44,525,125,101,0.033048881390040884,0.03170392227786781,0.034738838037814905,"{0: 175, 1: 175, 2: 175}","{0: 41, 1: 42, 2: 42}","{0: 34, 1: 33, 2: 34}"
3,45,525,125,101,0.03282054553333503,0.03186934069542998,0.03572100657816439,"{0: 175, 1: 175, 2: 175}","{0: 42, 1: 41, 2: 42}","{0: 33, 1: 34, 2: 34}"
4,46,525,125,101,0.032905518569571274,0.03418377387366612,0.03241491755535704,"{0: 175, 1: 175, 2: 175}","{0: 42, 1: 41, 2: 42}","{0: 33, 1: 34, 2: 34}"
