configuration_index,source_seed,outer_fold,stratification_score,train_pigs,validation_pigs,test_pigs,train_images,validation_images,test_images,train_mean_blood_ratio,validation_mean_blood_ratio,test_mean_blood_ratio
0,494,2,0.06447099219921082,"pig1,pig11,pig2,pig4,pig7,pig9","pig10,pig5","pig3,pig6",587,293,82,0.06715092742937252,0.07404956804607508,0.07378259178099594
1,251,2,0.06601206606137194,"pig10,pig11,pig5,pig6,pig7,pig9","pig3,pig4","pig1,pig2",570,89,303,0.06548685352704679,0.06004323209269663,0.08083477293041805
2,352,2,0.16301055474740386,"pig1,pig10,pig2,pig3,pig4,pig5","pig6,pig9","pig11,pig7",685,193,84,0.0752311055352798,0.05762769524503455,0.05367664155505952
3,279,2,0.16931822858028733,"pig11,pig3,pig5,pig6,pig7,pig9","pig1,pig2","pig10,pig4",458,303,201,0.05209406557041484,0.08083477293041805,0.09359339370854063
4,70,2,0.17790088986638858,"pig1,pig10,pig2,pig3,pig4,pig6","pig11,pig7","pig5,pig9",586,84,292,0.08422419941872868,0.05367664155505952,0.045548190460901826
