{
    "configuration_id": 3,
    "random_seed": 45,
    "train_images": 525,
    "validation_images": 125,
    "test_images": 101,
    "train_mean_blood_ratio": 0.03282054553333503,
    "validation_mean_blood_ratio": 0.03186934069542998,
    "test_mean_blood_ratio": 0.03572100657816439,
    "train_blood_bins": {
        "0": 175,
        "1": 175,
        "2": 175
    },
    "validation_blood_bins": {
        "0": 42,
        "1": 41,
        "2": 42
    },
    "test_blood_bins": {
        "0": 33,
        "1": 34,
        "2": 34
    }
}